commit,kind,target_rps,stock,voucher,achieved_rps,requests,dropped,p50_ms,p95_ms,p99_ms,max_ms,http_fail_rate,accepted,outcomes,drain_s_after_load,persist_orders_per_s,app_cpu_cores,mysql_cpu_cores,redis_cpu_cores,broker_cpu_cores,raw
11e1d8f,step,500,1000,22,500.0,15001,0,0.9,1.1,1.8,38.1,0,1000,accepted=1000;out_of_stock=14001,0.0,79.2,0.44,0.04,0.07,0.11,step-r500-s1000-190109.json
11e1d8f,step,1000,1000,23,1000.0,30001,0,0.8,1.0,2.4,19.1,0,1000,accepted=1000;out_of_stock=29001,0.0,180.3,0.66,0.03,0.1,0.17,step-r1000-s1000-190142.json
11e1d8f,step,2000,1000,24,2000.0,60002,0,0.6,0.9,8.1,47.4,0,1000,accepted=1000;out_of_stock=59002,0.0,164.4,0.97,0.03,0.15,0.24,step-r2000-s1000-190214.json
11e1d8f,step,5000,1000,25,4999.8,150001,0,0.6,3.0,23.4,143.9,0,1000,accepted=1000;out_of_stock=149001,0.0,339.5,2.0,0.03,0.28,0.48,step-r5000-s1000-190247.json
11e1d8f,step,10000,1000,26,9971.7,299169,832,1.0,24.5,73.7,186.7,0,1000,accepted=1000;out_of_stock=298169,0.0,372.9,3.84,0.04,0.47,0.79,step-r10000-s1000-190319.json
11e1d8f,step,15000,1000,27,14584.7,438203,11803,58.0,129.3,190.9,305.3,0,1000,accepted=1000;out_of_stock=437203,0.0,93.3,5.01,0.05,0.48,0.88,step-r15000-s1000-190352.json
11e1d8f,step,20000,1000,28,14500.5,438589,161413,247.4,353.6,424.4,605.7,0,1000,accepted=1000;out_of_stock=437589,0.0,275.2,4.92,0.04,0.47,0.84,step-r20000-s1000-190425.json
aefe34f,step,500,1000,30,500.0,15001,0,0.8,1.1,2.0,46.4,0,1000,accepted=1000;out_of_stock=14001,0.0,79.6,0.45,0.04,0.06,0.12,step-r500-s1000-190538.json
aefe34f,step,1000,1000,31,1000.0,30001,0,0.7,1.0,2.0,35.1,0,1000,accepted=1000;out_of_stock=29001,0.0,79.9,0.59,0.04,0.11,0.16,step-r1000-s1000-190611.json
aefe34f,step,2000,1000,32,2000.0,60001,0,0.6,0.9,5.3,47.1,0,1000,accepted=1000;out_of_stock=59001,0.0,82.0,0.86,0.04,0.16,0.25,step-r2000-s1000-190643.json
aefe34f,step,5000,1000,33,4999.9,150002,0,0.6,1.4,15.8,59.3,0,1000,accepted=1000;out_of_stock=149002,0.0,80.5,1.6,0.04,0.28,0.44,step-r5000-s1000-190716.json
aefe34f,step,10000,1000,34,9989.8,299714,286,0.8,20.8,51.8,219.4,0,1000,accepted=1000;out_of_stock=298714,0.0,93.6,3.06,0.05,0.46,0.77,step-r10000-s1000-190749.json
aefe34f,step,15000,1000,35,14868.8,446096,3909,4.9,63.2,118.8,268.7,0,1000,accepted=1000;out_of_stock=445096,0.0,351.1,4.15,0.04,0.54,0.96,step-r15000-s1000-190822.json
aefe34f,step,20000,1000,36,17538.2,526516,73485,80.5,196.5,251.3,370.0,0,1000,accepted=1000;out_of_stock=525516,0.0,76.0,4.6,0.05,0.51,0.99,step-r20000-s1000-190855.json
11e1d8f,drain,2000,20000,38,1999.9,22001,0,0.7,1.2,14.0,50.9,0,20000,accepted=20000;out_of_stock=2001,118.8,184.6,1.13,0.09,0.17,0.25,drain-r2000-s20000-191007.json
aefe34f,drain,2000,20000,40,1999.9,22000,0,0.6,0.9,10.2,36.0,0,20000,accepted=20000;out_of_stock=2000,109.4,155.6,1.12,0.09,0.17,0.26,drain-r2000-s20000-191300.json
11e1d8f,drain,2000,20000,42,1999.4,22010,0,0.7,1.7,19.6,56.3,0,20000,accepted=20000;out_of_stock=2010,185.2,100.1,1.21,0.1,0.19,0.26,drain-r2000-s20000-191543.json
aefe34f,drain,2000,20000,44,1999.9,22002,0,0.6,1.6,20.7,52.9,0,20000,accepted=20000;out_of_stock=2002,68.4,224.3,1.84,0.29,0.25,0.27,drain-r2000-s20000-191941.json
11e1d8f,drain,2000,20000,46,1999.9,22000,0,0.7,1.5,17.1,55.2,0,20000,accepted=20000;out_of_stock=2000,108.3,180.8,1.21,0.11,0.21,0.26,drain-r2000-s20000-192143.json
aefe34f,drain,2000,20000,48,1999.2,22001,0,0.6,1.6,25.2,59.2,0,20000,accepted=20000;out_of_stock=2001,134.7,147.3,1.16,0.08,0.18,0.26,drain-r2000-s20000-192425.json
