run,commit,edge_cpu_cores
step-r5000-s1000-032812,652e0b5:i1,0.15
step-r10000-s1000-032902,652e0b5:i1,0.26
step-r20000-s1000-032949,652e0b5:i1,0.43
step-r30000-s1000-033040,652e0b5:i1,0.58
step-r5000-s1000-033241,652e0b5:i2,0.14
step-r10000-s1000-033331,652e0b5:i2,0.26
step-r20000-s1000-033421,652e0b5:i2,0.45
step-r30000-s1000-033509,652e0b5:i2,0.57
step-r5000-s1000-033731,652e0b5:i3,0.15
step-r10000-s1000-033830,652e0b5:i3,0.27
step-r20000-s1000-033920,652e0b5:i3,0.46
step-r30000-s1000-034009,652e0b5:i3,0.59
