commit,kind,target_rps,stock,voucher,achieved_rps,requests,dropped,p50_ms,p95_ms,p99_ms,max_ms,http_fail_rate,accepted,outcomes,drain_s_after_load,persist_orders_per_s,app_cpu_cores,mysql_cpu_cores,redis_cpu_cores,broker_cpu_cores,half_msgs,order_msgs,k6_cpu_cores,batch_mean,raw
652e0b5:i1,step,5000,1000,11,4973.5,149215,785,0.2,3.5,178.6,1032.9,0.0076,1000,accepted=1000;http_429=1129;out_of_stock=147086,0.1,257.0,0.44,0.02,0.02,0.1,0,1000,0.75,10.42,step-r5000-s1000-032812.json
652e0b5:i1,step,10000,1000,12,9968.8,299104,897,0.1,19.9,81.1,1267.4,0.0022,1000,accepted=1000;http_429=666;out_of_stock=297438,0.1,498.8,0.53,0.02,0.02,0.12,0,1000,1.46,14.49,step-r10000-s1000-032902.json
652e0b5:i1,step,20000,1000,13,19454.7,591812,8189,0.2,68.3,98.3,1089.4,0.0012,1000,accepted=1000;http_429=702;out_of_stock=590110,0.1,679.2,0.85,0.02,0.02,0.1,0,1000,2.7,15.15,step-r20000-s1000-032949.json
652e0b5:i1,step,30000,1000,14,26035.1,783479,117673,25.3,93.2,144.6,1314.3,0.0013,1000,accepted=1000;http_429=1048;out_of_stock=781431,0.1,399.9,1.07,0.02,0.02,0.09,0,1000,3.53,15.38,step-r30000-s1000-033040.json
652e0b5:i2,step,5000,1000,16,4969.1,149086,911,0.1,3.7,210.1,1036.9,0.0081,1000,accepted=1000;http_429=1211;out_of_stock=146875,0.1,243.6,0.72,0.03,0.02,0.08,0,1000,0.76,9.09,step-r5000-s1000-033241.json
652e0b5:i2,step,10000,1000,17,9950.4,298536,1467,0.1,11.3,133.1,1077.0,0.0014,1000,accepted=1000;http_429=427;out_of_stock=297109,0.1,290.5,0.68,0.03,0.02,0.08,0,1000,1.47,11.63,step-r10000-s1000-033331.json
652e0b5:i2,step,20000,1000,18,19733.8,592275,7725,0.7,70.1,109.8,1308.7,0.0012,1000,accepted=1000;http_429=696;out_of_stock=590579,0.1,390.6,1.03,0.03,0.02,0.09,0,1000,,18.3,step-r20000-s1000-033421.json
652e0b5:i2,step,30000,1000,19,25566.0,772153,127458,25.9,92.7,144.5,1260.8,0.0004,1000,accepted=1000;http_429=337;out_of_stock=770816,0.1,518.1,1.22,0.03,0.02,0.09,0,1000,3.55,13.89,step-r30000-s1000-033509.json
652e0b5:i3,step,5000,1000,21,4982.3,149484,515,0.1,3.3,152.4,1541.5,0.0035,1000,accepted=1000;http_429=526;http_503=4;out_of_stock=147954,10.8,271.2,0.85,0.03,0.03,0.08,0,1000,0.75,12.02,step-r5000-s1000-033731.json
652e0b5:i3,step,10000,1000,22,9948.0,298474,1527,0.1,21.4,101.3,1012.2,0.0024,1000,accepted=1000;http_429=725;out_of_stock=296749,0.1,344.9,0.8,0.03,0.02,0.08,0,1000,1.46,12.99,step-r10000-s1000-033830.json
652e0b5:i3,step,20000,1000,23,19498.2,585328,14673,1.5,73.1,128.8,1107.2,0.0021,1000,accepted=1000;http_429=1209;out_of_stock=583119,0.1,112.4,1.05,0.03,0.02,0.08,0,1000,2.7,19.23,step-r20000-s1000-033920.json
652e0b5:i3,step,30000,1000,24,25743.8,772503,127506,28.2,95.1,143.3,1134.0,0.0018,1000,accepted=1000;http_429=1393;out_of_stock=770110,0.1,,1.26,0.03,0.03,0.09,0,1000,3.54,19.61,step-r30000-s1000-034009.json
