commit,kind,target_rps,stock,voucher,achieved_rps,requests,dropped,p50_ms,p95_ms,p99_ms,max_ms,http_fail_rate,accepted,outcomes,drain_s_after_load,persist_orders_per_s,app_cpu_cores,mysql_cpu_cores,redis_cpu_cores,broker_cpu_cores,half_msgs,order_msgs,k6_cpu_cores,raw
7c4ee52,step,10000,1000,11,9944.5,298354,1647,0.1,15.2,76.6,249.7,0,1000,accepted=1000;out_of_stock=297354,0.0,268.7,0.66,0.03,0.01,0.11,0,1000,1.49,step-r10000-s1000-171059.json
7c4ee52,step,20000,1000,12,19661.5,589887,10114,0.3,67.4,96.0,250.4,0.0,1000,accepted=1000;http_429=21;out_of_stock=588866,0.0,169.9,0.98,0.03,0.01,0.11,0,1000,2.75,step-r20000-s1000-171149.json
f5dfbae,step,10000,1000,14,9956.3,298709,1292,0.1,8.2,121.4,392.3,0.0007,1000,accepted=1000;http_429=218;out_of_stock=297491,0.0,384.0,0.69,0.03,0.02,0.09,0,1000,1.48,step-r10000-s1000-171336.json
f5dfbae,step,20000,1000,15,19333.3,580725,19276,1.0,77.9,124.0,382.2,0.0025,1000,accepted=1000;http_429=1480;out_of_stock=578245,0.0,154.3,1.05,0.04,0.03,0.11,0,1000,2.74,step-r20000-s1000-171425.json
7c4ee52,drain,2000,20000,17,1999.9,22001,0,0.5,5.2,29.6,99.2,0,20000,accepted=20000;out_of_stock=2001,35.8,665.5,1.31,0.11,0.13,0.27,0,20000,0.37,drain-r2000-s20000-171613.json
f5dfbae,drain,2000,20000,19,1999.8,21999,0,0.5,7.0,49.0,88.1,0,20000,accepted=20000;out_of_stock=1999,31.7,462.7,1.86,0.32,0.37,0.31,0,20000,0.38,drain-r2000-s20000-171815.json
7c4ee52,drain,2000,20000,21,1999.8,22002,0,0.5,2.3,19.8,53.8,0,20000,accepted=20000;out_of_stock=2002,75.1,255.4,1.2,0.1,0.13,0.24,0,20000,0.37,drain-r2000-s20000-172015.json
f5dfbae,drain,2000,20000,23,1999.9,22002,0,0.5,4.5,12.8,38.2,0,20000,accepted=20000;out_of_stock=2002,64.6,240.4,1.44,0.16,0.3,0.26,0,20000,0.39,drain-r2000-s20000-172258.json
7c4ee52,drain,2000,20000,25,1999.7,21999,0,0.5,5.6,41.2,93.8,0,20000,accepted=20000;out_of_stock=1999,11.7,940.5,1.79,0.32,0.17,0.29,0,20000,0.37,drain-r2000-s20000-172536.json
f5dfbae,drain,2000,20000,27,1999.7,21998,0,0.5,6.5,14.5,44.5,0,20000,accepted=20000;out_of_stock=1998,73.5,225.1,1.53,0.2,0.32,0.27,0,20000,0.38,drain-r2000-s20000-172717.json
f5dfbae:k1,drain,2000,20000,29,1999.9,22002,0,0.5,1.5,17.4,76.1,0,20000,accepted=20000;out_of_stock=2002,91.9,217.3,1.21,0.11,0.23,0.25,0,20000,0.36,drain-r2000-s20000-172959.json
f5dfbae:k8,drain,2000,20000,31,1999.7,22000,0,0.5,4.7,27.0,57.4,0,20000,accepted=20000;out_of_stock=2000,10.7,987.7,1.9,0.34,0.36,0.3,0,20000,0.38,drain-r2000-s20000-173301.json
f5dfbae:k64,drain,2000,20000,33,1999.9,22002,0,0.5,7.1,34.1,67.8,0,20000,accepted=20000;out_of_stock=2002,44.0,334.3,1.76,0.31,0.38,0.3,0,20000,0.38,drain-r2000-s20000-173440.json
